"","baseMean","log2FoldChange","lfcSE","stat","pvalue","padj","ensembl_gene_id_version","ensembl_gene_id","external_gene_name"
"1",489.195766248121,-3.29904544345959,0.222324849965834,-13.89863607334,6.45598942457292e-44,9.25918003272248e-40,"ENSMUSG00000110720.1","ENSMUSG00000110720","Gm46223"
"2",9166.35022348395,1.9314843751829,0.168059827537217,11.596635716513,4.28597901563843e-31,3.07347555211432e-27,"ENSMUSG00000039456.10","ENSMUSG00000039456","Morc3"
"3",7911.04961298861,2.00130822913643,0.178836886952138,11.3507473945529,7.35314549084584e-30,3.5152937543237e-26,"ENSMUSG00000039515.11","ENSMUSG00000039515","Ptpa"
"4",1368.67354709683,1.70111927325565,0.192900139753853,8.97919355519585,2.7275857009416e-19,9.77975853072609e-16,"ENSMUSG00000030301.17","ENSMUSG00000030301","Ccdc91"
"5",14166.3828165817,1.52008402677897,0.17123541284826,8.94694333877046,3.65461744320692e-19,1.04829046740947e-15,"ENSMUSG00000030341.17","ENSMUSG00000030341","Tnfrsf1a"
"6",14780.856369846,1.50690201138629,0.171346512743187,8.86256013847357,7.81976053213768e-19,1.86918342586531e-15,"ENSMUSG00000006005.18","ENSMUSG00000006005","Tpr"
"7",1958.60456222398,1.61379247410106,0.190758256287058,8.59718234152577,8.1697126288601e-18,1.67385740747302e-14,"ENSMUSG00000030213.12","ENSMUSG00000030213","Atf7ip"
"8",854.2494869777,-1.79694423707252,0.206245977681483,-8.5667592293111,1.06438119663732e-17,1.90816939027156e-14,"ENSMUSG00000030281.16","ENSMUSG00000030281","Il17rc"
"9",559.52283509104,1.69828621366708,0.215673990194145,8.34796777201985,6.94475173151033e-17,1.10668477037023e-13,"ENSMUSG00000032558.19","ENSMUSG00000032558","Nphp3"
"10",893.819214446926,1.62003808266057,0.221049726086563,8.13201634833034,4.22207861512442e-16,6.05530514981144e-13,"ENSMUSG00000039801.7","ENSMUSG00000039801","Cplane1"
"11",3080.04691988782,1.43008768012675,0.177779050696056,8.11292321126908,4.94163014655597e-16,6.44298723290052e-13,"ENSMUSG00000020740.13","ENSMUSG00000020740","Gga3"
"12",255.183318132124,-2.96885096113678,0.222183410082716,-7.90805727169001,2.61436542811844e-15,3.12460241417289e-12,"ENSMUSG00000066724.3","ENSMUSG00000066724","Gm10175"
"13",5685.62186758309,1.43687207053707,0.19314686572519,7.55806413879085,4.09112314761308e-14,4.51345293715898e-11,"ENSMUSG00000025746.11","ENSMUSG00000025746","Il6"
"14",409.310259614317,1.42936821445611,0.22314874413083,7.32534514462426,2.38284639335387e-13,2.44105592667723e-10,"ENSMUSG00000090015.8","ENSMUSG00000090015","Gm15446"
"15",130.385637001815,-1.90158387629129,0.209359754333122,-7.02118889716998,2.19988191748074e-12,2.10338043070058e-09,"ENSMUSG00000101878.1","ENSMUSG00000101878","Gm8203"
"16",16044.776118697,1.14773598072822,0.166125531139155,6.94133525972844,3.88410997406891e-12,3.48161907800602e-09,"ENSMUSG00000003847.16","ENSMUSG00000003847","Nfat5"
"17",1476.91627743903,1.29818471368174,0.201610021246078,6.56651026527703,5.15080981954228e-11,4.17689300355044e-08,"ENSMUSG00000026933.17","ENSMUSG00000026933","Camsap1"
"18",354.449869538968,1.32126093097383,0.223201559513363,6.56388878117487,5.2422307951407e-11,4.17689300355044e-08,"ENSMUSG00000034612.7","ENSMUSG00000034612","Chst11"
"19",593.236874539147,1.36159232748975,0.21554588560984,6.54490322851844,5.95339231664243e-11,4.49387118975188e-08,"ENSMUSG00000018916.5","ENSMUSG00000018916","Csf2"
"20",893.201599321292,3.70351579144314,0.21217507307323,6.27958136462831,3.39485895707838e-10,2.43445335812091e-07,"ENSMUSG00000072940.5","ENSMUSG00000072940","Gm10443"
"21",3307.45914072041,1.11384035766276,0.179767693732677,6.24021379537774,4.36973230702556e-10,2.98431908320765e-07,"ENSMUSG00000034908.16","ENSMUSG00000034908","Sidt2"
"22",76.0582882510587,-1.22815104240055,0.188155712584731,-6.22534736307995,4.80490241616727e-10,3.1323595660305e-07,"ENSMUSG00000067719.5","ENSMUSG00000067719","Gm10221"
"23",254.255878341475,1.14816422444822,0.221873302154239,6.06105111428931,1.35234843780869e-09,8.43277447610966e-07,"ENSMUSG00000020589.17","ENSMUSG00000020589","Fam49a"
"24",2991.35747632222,1.10404812635812,0.185434662748154,6.0056471604333,1.90570222996524e-09,1.1388158909234e-06,"ENSMUSG00000000743.9","ENSMUSG00000000743","Chmp1a"
"25",2073.06838743604,1.10762532124808,0.186456865787954,5.98983796100179,2.10050210589258e-09,1.20501604810846e-06,"ENSMUSG00000005583.16","ENSMUSG00000005583","Mef2c"
"26",436.677191377931,1.24495713191274,0.218134307718739,5.97711837659921,2.27119166514923e-09,1.25282426390655e-06,"ENSMUSG00000035776.14","ENSMUSG00000035776","Cd99l2"
"27",278.068624346285,1.18598913955268,0.223191948798567,5.94105663744579,2.83190743423146e-09,1.50426727487954e-06,"ENSMUSG00000097412.2","ENSMUSG00000097412","1810014B01Rik"
"28",305.890210387251,1.80988350466042,0.22269863053423,5.91334458364659,3.35229835145019e-09,1.71709510558923e-06,"ENSMUSG00000034266.6","ENSMUSG00000034266","Batf"
"29",800.268157346567,1.17106033072454,0.205670072405488,5.80834994846386,6.3091537758244e-09,3.12020287768529e-06,"ENSMUSG00000045917.17","ENSMUSG00000045917","Tmem268"
"30",57.7422106722324,-0.962523926863679,0.174576910880628,-5.78713684359904,7.15962519008128e-09,3.42277814920486e-06,"ENSMUSG00000090136.4","ENSMUSG00000090136","Gm10177"
"31",1758.42321949724,1.06078095593345,0.187436210047214,5.70615946877333,1.15553743983872e-08,5.17897436317716e-06,"ENSMUSG00000022521.10","ENSMUSG00000022521","Crebbp"
"32",2121.73369809042,1.08990569974517,0.193162701457655,5.7068424794313,1.15091201369348e-08,5.17897436317716e-06,"ENSMUSG00000029910.14","ENSMUSG00000029910","Mad2l1"
"33",52.4646967935875,-0.882095225735765,0.169581945637844,-5.62996523257778,1.80245951219034e-08,7.83359827994967e-06,"ENSMUSG00000101645.1","ENSMUSG00000101645","Gm28635"
"34",1324.84502723153,1.07567430605861,0.19351833247519,5.61796453512916,1.93220145727743e-08,8.15048038243319e-06,"ENSMUSG00000089824.10","ENSMUSG00000089824","Rbm12"
"35",492.879019026688,1.16276580790837,0.216822629853939,5.54129377179399,3.00245027838723e-08,1.23031833978942e-05,"ENSMUSG00000022901.13","ENSMUSG00000022901","Cd86"
"36",15575.9321155801,1.04282884516316,0.190474678182003,5.53205560602177,3.16499527922522e-08,1.26089895262911e-05,"ENSMUSG00000025261.18","ENSMUSG00000025261","Huwe1"
"37",785.757661322116,1.11870863547037,0.216265895518034,5.36420906525119,8.13046905752005e-08,3.15154560062034e-05,"ENSMUSG00000027778.15","ENSMUSG00000027778","Ift80"
"38",1714.80666062003,-1.00663149677175,0.191414328556024,-5.2202331177455,1.78698051041491e-07,6.57150627701813e-05,"ENSMUSG00000074622.4","ENSMUSG00000074622","Mafb"
"39",245.229869916699,1.21459010902201,0.214621219197944,5.22195901882979,1.77040154476781e-07,6.57150627701813e-05,"ENSMUSG00000110331.1","ENSMUSG00000110331","Nudc-ps1"
"40",169.723390331094,0.884785403912887,0.213058187551738,5.21517868869759,1.83640122525681e-07,6.58441659315828e-05,"ENSMUSG00000020340.16","ENSMUSG00000020340","Cyfip2"
"41",912.120363518068,1.02942529787722,0.202255594716542,5.16040122772859,2.46421146599964e-07,8.61993191350412e-05,"ENSMUSG00000033713.12","ENSMUSG00000033713","Foxn3"
"42",189.288063436101,-1.17750314882465,0.217689197633848,-5.14285086829236,2.70600422768923e-07,9.24036015083785e-05,"ENSMUSG00000089652.1","ENSMUSG00000089652","Gm16025"
"43",2650.19773546868,0.946480848020059,0.186879754941372,5.10279418384483,3.34674918605823e-07,0.000111625760061505,"ENSMUSG00000038116.16","ENSMUSG00000038116","Phf20"
"44",156.12560840876,0.929476015335903,0.218400692442326,5.03066463223388,4.88782471850866e-07,0.000156475750488677,"ENSMUSG00000024525.7","ENSMUSG00000024525","Impa2"
"45",174.137692404301,1.45050431544846,0.219449029139833,5.0298107399059,4.90964215032107e-07,0.000156475750488677,"ENSMUSG00000117165.1","ENSMUSG00000117165","Gm49832"
"46",2185.20180733146,0.918402172988137,0.183977337366398,5.02073045089755,5.14753523799716e-07,0.000160491196485555,"ENSMUSG00000084319.3","ENSMUSG00000084319","Tpt1-ps3"
"47",2007.16445063914,0.912669021602213,0.185600069066142,4.94903816320984,7.45811238093561e-07,0.000222842182848705,"ENSMUSG00000026437.11","ENSMUSG00000026437","Cdk18"
"48",166.583451065499,1.13055939639982,0.212486911664264,4.94920648495732,7.45166598974383e-07,0.000222842182848705,"ENSMUSG00000091905.3","ENSMUSG00000091905","Gm6395"
"49",107.307226199369,0.779587625563471,0.207261777756792,4.94417357701686,7.64675499151609e-07,0.000223815836914946,"ENSMUSG00000020268.14","ENSMUSG00000020268","Lyrm7"
"50",127.795205309106,0.81735700139883,0.211453536280619,4.86848300421941,1.12458192482013e-06,0.000322575079315406,"ENSMUSG00000024238.15","ENSMUSG00000024238","Zeb1"
"51",2497.21908068048,0.933393592632239,0.194877167364183,4.83934532963735,1.30267525688588e-06,0.0003644451724594,"ENSMUSG00000069895.4","ENSMUSG00000069895","Atxn1l"
"52",142.586482844897,1.08164109000467,0.211028372058028,4.83651181615209,1.32137421335161e-06,0.0003644451724594,"ENSMUSG00000116358.1","ENSMUSG00000116358","Gm49450"
"53",2418.17842746656,0.90930955676042,0.195636586023361,4.69650166063467,2.64655084729304e-06,0.000716166646261827,"ENSMUSG00000007833.15","ENSMUSG00000007833","Aldh16a1"
"54",130.17663384492,0.826106052848251,0.213032011882448,4.6808250013812,2.85722762118366e-06,0.000751443564302916,"ENSMUSG00000056498.13","ENSMUSG00000056498","Tmem154"
"55",123.293742016713,0.801878421660314,0.211892479924027,4.67907617029187,2.88170380955658e-06,0.000751443564302916,"ENSMUSG00000097327.7","ENSMUSG00000097327","E030030I06Rik"
"56",199.422252128594,0.926978636898992,0.221781958256437,4.67007276484219,3.01093064755965e-06,0.000771120845487509,"ENSMUSG00000096370.8","ENSMUSG00000096370","Gm21992"
"57",3531.14801903359,0.812358240276231,0.17680725920876,4.61488027798191,3.93321980682868e-06,0.000972590318440291,"ENSMUSG00000022451.12","ENSMUSG00000022451","Twf1"
"58",2911.07140745499,0.858481185294418,0.187176920847601,4.61783056610808,3.87772659434678e-06,0.000972590318440291,"ENSMUSG00000028894.18","ENSMUSG00000028894","Inpp5b"
"59",18878.6457727516,0.806974506122556,0.176986132620873,4.58104399420094,4.62660493836777e-06,0.00112465708518764,"ENSMUSG00000058427.10","ENSMUSG00000058427","Cxcl2"
"60",534.119307927474,0.963657954679332,0.215771565073598,4.57737636836104,4.70843887231498e-06,0.00112547383844569,"ENSMUSG00000000732.9","ENSMUSG00000000732","Icosl"
"61",98.1295230852401,0.880985188793632,0.203054050353296,4.54133315603392,5.5899614773565e-06,0.00131428241816798,"ENSMUSG00000116679.1","ENSMUSG00000116679","Gm49739"
"62",97.4100769868014,0.849151480569082,0.201426859913383,4.52774039978959,5.96177592137816e-06,0.00137909339136138,"ENSMUSG00000096764.1","ENSMUSG00000096764","Gm21985"
"63",27.3188953718089,-0.474918919498233,0.134399739957514,-4.51156130086587,6.43521791401586e-06,0.00144390831917924,"ENSMUSG00000049233.7","ENSMUSG00000049233","Apoo-ps"
"64",94.0975400901737,0.870080280626812,0.202532014408783,4.51129437621754,6.4433225789619e-06,0.00144390831917924,"ENSMUSG00000067344.7","ENSMUSG00000067344","Rps25-ps1"
"65",1154.59793422143,0.87758433833687,0.198461210589011,4.46751735872701,7.91325919513838e-06,0.00172092939526277,"ENSMUSG00000048787.13","ENSMUSG00000048787","Dcun1d3"
"66",975.267654737059,0.886360404684103,0.200693733772648,4.46734890126238,7.91949101152858e-06,0.00172092939526277,"ENSMUSG00000052142.15","ENSMUSG00000052142","Rasal3"
"67",1349.60479871263,0.854711948929052,0.193785753926716,4.44767462518274,8.68048841870609e-06,0.00185814275971765,"ENSMUSG00000031684.11","ENSMUSG00000031684","Slc10a7"
"68",8802.4182759831,-0.794400049058376,0.178160174635098,-4.44083143188291,8.9611972042664e-06,0.00189002191622925,"ENSMUSG00000097971.3","ENSMUSG00000097971","Gm26917"
"69",8775.04914338618,0.764354484908785,0.173901764095951,4.41266287895534,1.02106924370265e-05,0.00207093362459705,"ENSMUSG00000001424.14","ENSMUSG00000001424","Snd1"
"70",18377.4951350251,0.845013471998852,0.193285233250908,4.41178589633368,1.0252146656421e-05,0.00207093362459705,"ENSMUSG00000027399.1","ENSMUSG00000027399","Il1a"
"71",95.9906643655623,0.594861397178342,0.183884903540492,4.41194283682156,1.02447164248435e-05,0.00207093362459705,"ENSMUSG00000118491.1","ENSMUSG00000118491","Zfp91"
"72",53334.9051781735,0.809484437182841,0.185634402820285,4.38933689521174,1.13696816249094e-05,0.0022337530666363,"ENSMUSG00000027398.13","ENSMUSG00000027398","Il1b"
"73",4080.86464120783,-0.770933597609557,0.174941856414325,-4.39156660051975,1.12536852263311e-05,0.0022337530666363,"ENSMUSG00000034854.8","ENSMUSG00000034854","Mfsd12"
"74",2376.91468747252,0.0138154328417916,0.0354431994268722,4.36733021242971,1.25774500175344e-05,0.00243764578583079,"ENSMUSG00000066315.9","ENSMUSG00000066315","Gm12918"
"75",84.0708747477858,0.654319114976979,0.188894499045434,4.35844978041179,1.3098697066356e-05,0.00250482017767571,"ENSMUSG00000102824.1","ENSMUSG00000102824","Pdcd5-ps"
"76",3536.08232846317,0.774567312590149,0.178848347721131,4.35042350221568,1.35874851934634e-05,0.00254827190505287,"ENSMUSG00000060261.15","ENSMUSG00000060261","Gtf2i"
"77",79.0208964649188,0.724532008091333,0.194055723925145,4.34891485459429,1.36812813198348e-05,0.00254827190505287,"ENSMUSG00000099081.1","ENSMUSG00000099081","Gm27624"
"78",157.618950143315,0.786839339472483,0.214982441488431,4.33966068420858,1.42702889694098e-05,0.00262390364614456,"ENSMUSG00000072825.11","ENSMUSG00000072825","Cep170b"
"79",2238.05636466765,0.831358652269701,0.193457589336443,4.33301901506586,1.47078401098329e-05,0.00263674803569029,"ENSMUSG00000026384.13","ENSMUSG00000026384","Ptpn4"
"80",357.195683771626,0.901594258214208,0.223201235053289,4.33316549296866,1.46980537037899e-05,0.00263674803569029,"ENSMUSG00000032374.14","ENSMUSG00000032374","Plod2"
"81",685.31746338029,0.887594184923914,0.20973219389207,4.30355362789058,1.68080139158278e-05,0.00297605599482473,"ENSMUSG00000059810.18","ENSMUSG00000059810","Rgs3"
"82",446.504601618877,0.908611220366322,0.222663114465079,4.29555381526186,1.74257756563274e-05,0.00301109005377165,"ENSMUSG00000020303.2","ENSMUSG00000020303","Stc2"
"83",76.5890239114745,0.64752522043255,0.188395355898248,4.29563338178333,1.74195261956462e-05,0.00301109005377165,"ENSMUSG00000098428.6","ENSMUSG00000098428","Gm2260"
"84",23.9040334503328,-0.416706966168422,0.127348476761433,-4.27729315864073,1.8917959886824e-05,0.00322807199852499,"ENSMUSG00000030735.6","ENSMUSG00000030735","Gm9755"
"85",2045.50433420097,0.785509802119509,0.18472964302395,4.27479120941442,1.91316496914394e-05,0.00322807199852499,"ENSMUSG00000043535.13","ENSMUSG00000043535","Setx"
"86",138.980253468668,0.788066804976315,0.215496605823434,4.23946533912907,2.24052783392433e-05,0.00371428534297517,"ENSMUSG00000026674.9","ENSMUSG00000026674","Ddr2"
"87",69.2334154955778,0.663851682036618,0.189724350193751,4.23820673739686,2.25312247133482e-05,0.00371428534297517,"ENSMUSG00000084353.1","ENSMUSG00000084353","Gm15452"
"88",172.690432768241,0.786012218456284,0.216488156276731,4.19435470261942,2.73649490643228e-05,0.00443163156709236,"ENSMUSG00000008153.12","ENSMUSG00000008153","Clstn3"
"89",1150.73551478834,-0.831073433146767,0.196841391042903,-4.1932326700138,2.75007118582638e-05,0.00443163156709236,"ENSMUSG00000063659.11","ENSMUSG00000063659","Zbtb18"
"90",1114.09769415273,0.821393546089468,0.197913487935406,4.18522627765704,2.84882171768831e-05,0.00453975567500952,"ENSMUSG00000048806.4","ENSMUSG00000048806","Ifnb1"
"91",53.1558169984401,0.498303557863397,0.178327770058977,4.1789882335,2.92808832898546e-05,0.00461479591366038,"ENSMUSG00000025993.10","ENSMUSG00000025993","Slc40a1"
"92",1367.06563241599,-0.80891971817831,0.193444433349129,-4.15497739155119,3.25319708193865e-05,0.00507145136403958,"ENSMUSG00000020592.14","ENSMUSG00000020592","Sdc1"
"93",207.546501345566,0.150507433842123,0.110079250672773,4.08775672482915,4.35564552518601e-05,0.00664560299172529,"ENSMUSG00000089803.3","ENSMUSG00000089803","Gm10171"
"94",65.0510683695945,0.479312009067902,0.172260265245611,4.08984651867486,4.31658731726533e-05,0.00664560299172529,"ENSMUSG00000114277.1","ENSMUSG00000114277","Gm48583"
"95",893.55080183593,0.835522169686081,0.208401285516214,4.07115782825569,4.67800395465342e-05,0.00686997790106899,"ENSMUSG00000002257.8","ENSMUSG00000002257","Def6"
"96",561.330651152549,0.863978072583825,0.221819115498894,4.07018978856507,4.6974853495686e-05,0.00686997790106899,"ENSMUSG00000053007.9","ENSMUSG00000053007","Creb5"
"97",1271.24193434307,0.797804699965168,0.197762235022936,4.06798170413584,4.74221037655717e-05,0.00686997790106899,"ENSMUSG00000076617.9","ENSMUSG00000076617","Ighm"
"98",58.5852945514539,0.55561209969591,0.180398231629864,4.07617865783815,4.57818489029101e-05,0.00686997790106899,"ENSMUSG00000105081.1","ENSMUSG00000105081","Gm43110"
"99",57.9808372986656,0.55379222310302,0.180224570914579,4.06852210548383,4.73122731373661e-05,0.00686997790106899,"ENSMUSG00000107770.1","ENSMUSG00000107770","Gm44126"
"100",72.0827533542796,0.553231113937374,0.189689867854687,4.05867210113979,4.93525547110967e-05,0.00707814339666548,"ENSMUSG00000020435.17","ENSMUSG00000020435","Osbp2"
"101",527.464723382573,0.858356993509567,0.217534681421581,4.05410705726109,5.03261663940703e-05,0.00714631562795799,"ENSMUSG00000032578.7","ENSMUSG00000032578","Cish"
"102",510.421610459531,0.858800919291757,0.217259801099648,4.04996418946958,5.12254712987584e-05,0.00720270303300777,"ENSMUSG00000018986.10","ENSMUSG00000018986","Slfn3"
"103",20.7996135217181,-0.363257916269838,0.120175743366497,-4.03374415624807,5.48950855890536e-05,0.0076437409467787,"ENSMUSG00000117338.1","ENSMUSG00000117338","Gm49804"
"104",462.347731878027,0.855534663506712,0.222019344168448,4.02877401278302,5.60684831351987e-05,0.00773205947235596,"ENSMUSG00000046876.16","ENSMUSG00000046876","Atxn1"
"105",1357.07989776846,-0.783118203752186,0.1937167412008,-4.01811484434516,5.86656045919211e-05,0.00801316286721269,"ENSMUSG00000043895.6","ENSMUSG00000043895","S1pr2"
"106",1401.42699931793,0.770413420956547,0.194346359890964,3.99400855782274,6.49655170714513e-05,0.00878995703621467,"ENSMUSG00000034518.14","ENSMUSG00000034518","Hmgxb4"
"107",466.716849820307,-0.886748348963256,0.218458175215366,-3.98695231491429,6.69274704031096e-05,0.00897078299552708,"ENSMUSG00000026200.13","ENSMUSG00000026200","Glb1l"
"108",663.613880531728,0.839665408500482,0.215426414446069,3.98314499429581,6.80092335097852e-05,0.00899031156055678,"ENSMUSG00000043017.9","ENSMUSG00000043017","Ptgir"
"109",52.8250404247208,0.510928130559909,0.175855767064038,3.98203793969401,6.83268693418413e-05,0.00899031156055678,"ENSMUSG00000089936.1","ENSMUSG00000089936","Gm16199"
"110",375.714399166462,-0.908476560843318,0.222673002928922,-3.9636851667626,7.38015700477149e-05,0.00934576302894655,"ENSMUSG00000001435.15","ENSMUSG00000001435","Col18a1"
"111",199.28224699557,0.80409956517846,0.221894767370093,3.95883783514674,7.53153508159345e-05,0.00934576302894655,"ENSMUSG00000014592.20","ENSMUSG00000014592","Camta1"
"112",620.617961115083,0.84025789885972,0.218398529837301,3.95796897792509,7.55897720929996e-05,0.00934576302894655,"ENSMUSG00000021127.7","ENSMUSG00000021127","Zfp36l1"
"113",3663.08651023248,0.715631329866929,0.18133456840432,3.96425753074825,7.3624737216861e-05,0.00934576302894655,"ENSMUSG00000033943.15","ENSMUSG00000033943","Mga"
"114",474.569838094583,0.843832541080384,0.222293366509144,3.96437279798391,7.35891737181717e-05,0.00934576302894655,"ENSMUSG00000039270.9","ENSMUSG00000039270","Megf9"
"115",1810.41689838264,-0.752430126807353,0.189089023122154,-3.95859289083212,7.5392618916347e-05,0.00934576302894655,"ENSMUSG00000042745.9","ENSMUSG00000042745","Id1"
"116",51.8413126723639,0.507620893658643,0.175504338954035,3.96821775460528,7.24121532568652e-05,0.00934576302894655,"ENSMUSG00000076270.1","ENSMUSG00000076270","Mir719"
"117",52.0129364427573,0.477047709054829,0.172060181612129,3.94866099888122,7.85895523234799e-05,0.00963360136259272,"ENSMUSG00000101330.1","ENSMUSG00000101330","Gm10193"
"118",682.373076583903,0.811186388588485,0.208874238882948,3.94185586779729,8.08535607366241e-05,0.00982713362783613,"ENSMUSG00000027284.16","ENSMUSG00000027284","Cdan1"
"119",16266.8087169462,-0.655606172086451,0.166453519946952,-3.92944823540924,8.51410020709399e-05,0.0102612794260624,"ENSMUSG00000092274.3","ENSMUSG00000092274","Neat1"
"120",4137.5799319747,0.680270239977945,0.173855198873255,3.92581857338193,8.6435288216589e-05,0.0103304575300193,"ENSMUSG00000032480.17","ENSMUSG00000032480","Dhx30"
"121",1735.09371002226,0.73590221324316,0.189131661075855,3.91387135794405,9.08280376023218e-05,0.0106775058630533,"ENSMUSG00000011831.16","ENSMUSG00000011831","Evi5"
"122",17297.4541796849,-0.656722127676982,0.16735764690668,-3.91457330492679,9.05642210805028e-05,0.0106775058630533,"ENSMUSG00000101249.1","ENSMUSG00000101249","Gm29216"
"123",350.96681242821,0.0138120042437789,0.0354390652731009,3.91039975932364,9.21434944007604e-05,0.0107440812739488,"ENSMUSG00000094103.2","ENSMUSG00000094103","Fam177a2"
"124",59.1201904296735,0.51514218777346,0.177494972443757,3.89413530269846,9.85496346832256e-05,0.0113071908850146,"ENSMUSG00000026357.3","ENSMUSG00000026357","Rgs18"
"125",740.127350963298,0.798972973263647,0.207850724885448,3.89591709833111,9.78278490652442e-05,0.0113071908850146,"ENSMUSG00000041992.9","ENSMUSG00000041992","Rapgef5"
"126",446.174067857998,0.823247188557884,0.222827347601623,3.88776226776729,0.000101172644457953,0.011483707669594,"ENSMUSG00000068264.11","ENSMUSG00000068264","Ap5s1"
"127",47.7963217813301,0.464853686204809,0.170643515593173,3.88652488968793,0.000101689504534824,0.011483707669594,"ENSMUSG00000113606.1","ENSMUSG00000113606","Gm47441"
"128",892.235026444129,0.817259956074157,0.215586950503085,3.88182059942786,0.000103677352988035,0.0116167234105812,"ENSMUSG00000018733.10","ENSMUSG00000018733","Pex12"
"129",5697.79715214941,0.65831051066804,0.170469276581147,3.87280886957502,0.000107588198847991,0.0119614724641697,"ENSMUSG00000054280.14","ENSMUSG00000054280","Prr14l"
"130",4197.37398058345,0.686466981535189,0.179184328883354,3.84680328505245,0.000119668973779637,0.0131014688698286,"ENSMUSG00000028675.12","ENSMUSG00000028675","Pnrc2"
"131",49.5293490654554,0.39760023476449,0.161861677196776,3.84819879134493,0.000118989481760042,0.0131014688698286,"ENSMUSG00000101834.1","ENSMUSG00000101834","Gm5829"
"132",45.061802696422,0.443219610740411,0.167993596262482,3.83197967572365,0.000127116242838145,0.0138113723847324,"ENSMUSG00000081756.1","ENSMUSG00000081756","Gm12291"
"133",6269.12918443455,0.653462373947785,0.172670217019562,3.79632671167428,0.000146855932501126,0.0157451441459401,"ENSMUSG00000022607.18","ENSMUSG00000022607","Ptk2"
"134",8475.73493116257,0.678699712129162,0.179558510906287,3.79589823415312,0.00014710983932199,0.0157451441459401,"ENSMUSG00000027852.14","ENSMUSG00000027852","Nras"
"135",6399.32576402611,0.654554976120055,0.173116416164954,3.79303649837229,0.000148816272887626,0.0157688276946973,"ENSMUSG00000057738.14","ENSMUSG00000057738","Sptan1"
"136",43.7430791467874,0.418916907304263,0.164831824597443,3.79184856100771,0.000149530091094606,0.0157688276946973,"ENSMUSG00000074485.1","ENSMUSG00000074485","Gm7381"
"137",2632.71270856188,0.706828880972329,0.188430947334168,3.77326407622026,0.000161125582565969,0.0168676139062856,"ENSMUSG00000032485.14","ENSMUSG00000032485","Scap"
"138",41.7886315380411,0.403674512116603,0.162754522271045,3.75026007094986,0.000176651260018341,0.0183504050160259,"ENSMUSG00000106517.1","ENSMUSG00000106517","Gm42634"
"139",6793.35912862666,0.63204728560182,0.169057876724388,3.7485657481964,0.000177848716861498,0.0183504050160259,"ENSMUSG00000114797.1","ENSMUSG00000114797","Gm49336"
"140",1115.45849570892,0.748608002175448,0.203187503651446,3.72174158812525,0.000197853445678578,0.0202686722708726,"ENSMUSG00000028634.17","ENSMUSG00000028634","Hivep3"
"141",38.97480451592,0.38344090543623,0.159870310397235,3.68658764795282,0.000227281185605283,0.0231182039996523,"ENSMUSG00000117439.1","ENSMUSG00000117439","Gm50083"
"142",269.949991711575,0.768465547869932,0.223022934791415,3.66604366596087,0.000246331881815895,0.0248795200634054,"ENSMUSG00000040723.14","ENSMUSG00000040723","Rcsd1"
"143",38.6942646862008,0.366344636023387,0.157298217584734,3.66312114899044,0.000249160622034737,0.024989242246309,"ENSMUSG00000113640.1","ENSMUSG00000113640","Adat3"
"144",16.7638676145191,-0.293112093979685,0.10949089323862,-3.66023216774088,0.000251986825268134,0.0250971878333027,"ENSMUSG00000091228.1","ENSMUSG00000091228","Gm20390"
"145",2107.91359710592,0.702078253885675,0.193521545003524,3.65370624863474,0.000258481975565248,0.0255665413348744,"ENSMUSG00000060601.13","ENSMUSG00000060601","Nr1h2"
"146",10030.9982562584,0.661075546217135,0.181960868065338,3.64957867071078,0.000262670787439188,0.0258029070784441,"ENSMUSG00000024404.7","ENSMUSG00000024404","Riok3"
"147",80.0692869450487,0.569830590819631,0.197257254563227,3.63618253208082,0.000276708291940841,0.0269969409728948,"ENSMUSG00000029814.10","ENSMUSG00000029814","Igf2bp3"
"148",1347.91940747835,0.700207230346097,0.193967469668946,3.63153574233864,0.000281739627137886,0.0273020927865646,"ENSMUSG00000052293.14","ENSMUSG00000052293","Taf9"
"149",1298.91253630357,0.710902218122768,0.198096715450519,3.61778504935193,0.000297135004331458,0.0286007398128978,"ENSMUSG00000022723.16","ENSMUSG00000022723","Crybg3"
"150",36.1803300697357,0.357881940080488,0.155993650747341,3.61327028121297,0.000302359236647499,0.0289095744799896,"ENSMUSG00000064317.5","ENSMUSG00000064317","Gm10146"
"151",36.7101755775793,0.344966899062187,0.153920352990749,3.60594228949216,0.000311022258204056,0.0295409352792223,"ENSMUSG00000081309.3","ENSMUSG00000081309","Gm12397"
"152",1880.76152855619,0.690448901437265,0.193476175396435,3.59275114660069,0.000327205039856072,0.0308735176422091,"ENSMUSG00000027630.13","ENSMUSG00000027630","Tbl1xr1"
"153",8206.28130562056,0.652538170101742,0.184953360580973,3.5454269035663,0.000391977687261242,0.0365846264247722,"ENSMUSG00000024810.16","ENSMUSG00000024810","Il33"
"154",523.269620940583,0.747068598537543,0.223206957465428,3.5448513876916,0.000392834504909701,0.0365846264247722,"ENSMUSG00000067736.2","ENSMUSG00000067736","Gm10222"
"155",2007.83532284707,0.672340643385733,0.192004262102628,3.52340879901687,0.000426033690514968,0.0394204850926817,"ENSMUSG00000052748.14","ENSMUSG00000052748","Swt1"
"156",894.425181100269,0.705310871817495,0.202573631386429,3.51494361989236,0.000439847357972487,0.0401801962295631,"ENSMUSG00000020752.11","ENSMUSG00000020752","Recql5"
"157",1960.66930314205,0.694547772992387,0.199333342509287,3.51530297782702,0.000439252550957357,0.0401801962295631,"ENSMUSG00000026240.12","ENSMUSG00000026240","Cops7b"
"158",404.428118953466,0.746303672239527,0.223040268433546,3.50017155470635,0.000464958822301347,0.041677746434037,"ENSMUSG00000070337.4","ENSMUSG00000070337","Gpr179"
"159",3367.33617401138,0.683933062281875,0.196887698016522,3.50159090206709,0.000462489170068308,0.041677746434037,"ENSMUSG00000078671.11","ENSMUSG00000078671","Chd2"
"160",32.2460509824241,0.323377230606999,0.150311431004129,3.50153944702213,0.00046257848718133,0.041677746434037,"ENSMUSG00000106715.3","ENSMUSG00000106715","Tmem265"
"161",859.599225576256,0.725129764090772,0.210345877538418,3.49769202970703,0.000469302719739523,0.0418058360652437,"ENSMUSG00000056919.9","ENSMUSG00000056919","Cep162"
"162",31.9295629823346,0.320437711479646,0.149801381597267,3.49166817938546,0.000480014166989298,0.0424960690306204,"ENSMUSG00000112743.1","ENSMUSG00000112743","Gm49358"
"163",8912.85839744859,0.587351568140221,0.168830812905133,3.48753143144295,0.000487501618243304,0.042894160790463,"ENSMUSG00000005506.16","ENSMUSG00000005506","Celf1"
"164",1642.59458992907,0.734625072260171,0.216009860839275,3.47568919750288,0.000509542434298719,0.0445601072726355,"ENSMUSG00000022037.15","ENSMUSG00000022037","Clu"
"165",160.740777206603,-0.741555330157331,0.201485064510428,-3.46673286715773,0.000526825176175653,0.0457922828891589,"ENSMUSG00000024395.9","ENSMUSG00000024395","Lims2"
"166",883.266497465194,0.69544238425055,0.203185143153516,3.45593639185122,0.00054838471313857,0.0473791178062251,"ENSMUSG00000032743.15","ENSMUSG00000032743","D430042O09Rik"
"167",34.0368879446569,0.269241334009413,0.140128683036591,3.44583151774463,0.000569305184990942,0.0486542471554876,"ENSMUSG00000052595.8","ENSMUSG00000052595","A1cf"
"168",881.086021794233,0.726112975299931,0.21491028837471,3.44553581894211,0.000569928428540087,0.0486542471554876,"ENSMUSG00000058318.15","ENSMUSG00000058318","Phf21a"
